{
  "x" : 39,
  "y" : 62,
  "direction" : 1.4313563,
  "magnitude" : 1.7814249
}